{
"Name": "Voidblock",

"Edition": "JAVA EDITION",

"Release Versions": "7.1.0 [Rebranding Update]",

"Release Building": "JE-1.21>1.21.10-7.1.0-Voidblock:RELEASE_CANDIDATE-1",

"Nightly Building": "JE-1.21>1.21.10-7.1.0-Voidblock:NIGHTLY_BUILDING_27.10.2025.51857a_[main]",

"Data_pack": "TRUE",

"Resource_pack": "TRUE",

"Translations_Version": "Ultimo Aggiornamento delle Traduzioni: 25.10.2025 alle 18:45",

"Custom Structures World": "4.1.0",

"Protocol Version": "PVN_0_mc1219e",

"Protocol Identifier Data": "PID_1_mc12111",

"Sub Protocol Identifier Data": "SUBPID_1_mc12111",

"Github_Tag": "1.21.9_JE-0e",

"Github":"https://github.com/Loweredgames/Voidblock",

"Website":"https://loweredgames.github.io./"
}