{
"Name": "Voidblock",

"Edition": "JAVA EDITION",

"Release Versions": "7.2.0 LTS [Rebranding Update]",

"Release Building": "JE-1.21>1.21.11-7.2.X-Voidblock:RELEASE_CANDIDATE-1_LTS",

"Nightly Building": "JE-1.21>1.21.11-7.2.X-Voidblock:NIGHTLY_BUILDING_30.12.2025.41615a_[main]",

"Data_pack": "TRUE",

"Resource_pack": "TRUE",

"Translations_Version": "Ultimo Aggiornamento delle Traduzioni: 29.12.2025 alle 17:00",

"Custom Structures World": "4.1.1",

"Protocol Version": "PVN_0_mc12111a",

"Protocol Identifier Data": "PID_1_mc12111",

"Sub Protocol Identifier Data": "SUBPID_1_mc12111",

"Github_Tag": "1.21.11_JE-0a",

"Github":"https://github.com/Loweredgames/Voidblock",

"Website":"https://loweredgames.github.io./"
}