{
"Name": "Voidblock",

"Edition": "JAVA EDITION",

"Release Versions": "7.1.0 [Rebranding Update]",

"Release Building": "JE-1.21>1.21.10-7.1.0-Voidblock:BUILDING:07.10.2025a",

"Nightly Building": "JE-1.21>1.21.10-7.1.0-Voidblock:NIGHTLY_BUILDING_07.10.2025.41006a_[main]",

"Data_pack": "TRUE",

"Resource_pack": "TRUE",

"Translations_Version": "Ultimo Aggiornamento delle Traduzioni: 06.09.2025 alle 13:09",

"Custom Structures World": "4.1.0",

"Protocol Version": "PVN_0_mc1219c",

"Protocol Identifier Data": "PID_1_mc12111",

"Sub Protocol Identifier Data": "SUBPID_1_mc12110",

"Github_Tag": "1.21.9_JE-0c",

"Github":"https://github.com/Loweredgames/Voidblock",

"Website":"https://loweredgames.github.io./"
}