{
"Name": "Voidblock",

"Edition": "JAVA EDITION",

"Release Versions": "7.0.0 [Rebranding Update]",

"Release Building": "JE-1.21>1.21.5-7.0.0-Voidblock:BUILDING:23.04.2025a",

"Nightly Building": "JE-1.21>1.21.5-7.0.0-Voidblock:NIGHTLY_BUILDING_23.04.2025.11350a_[main]",

"Data_pack": "TRUE",

"Resource_pack": "TRUE",

"Translations_Version": "Ultimo Aggiornamento delle Traduzioni: 11.04.2025 alle 15:20",

"Custom Structures World": "4.1.0",

"Protocol Version": "1.21.5_PVN_0a",

"Protocol Identifier Data": "1.21_PID_0",

"Sub Protocol Identifier Data": "1.21_SUBPID_0_0",

"Github_Tag": "1.21.5_JE-0a",

"Github":"https://github.com/Loweredgames/Voidblock",

"Website":"https://loweredgames.github.io./"
}