{
"Name": "Voidblock",

"Edition": "JAVA EDITION",

"Release Versions": "7.0.1 [Rebranding Update]",

"Release Building": "JE-1.21>1.21.5-7.0.1-Voidblock:7.0.1",

"Nightly Building": "JE-1.21>1.21.5-7.0.1-Voidblock:NIGHTLY_BUILDING_08.07.2025.41541a_[main]",

"Data_pack": "TRUE",

"Resource_pack": "TRUE",

"Translations_Version": "Ultimo Aggiornamento delle Traduzioni: 09.07.2025 alle 16:50",

"Custom Structures World": "4.1.0",

"Protocol Version": "1.21.6_PVN_0",

"Protocol Identifier Data": "1.21_PID_0",

"Sub Protocol Identifier Data": "1.21_SUBPID_0_0",

"Github_Tag": "1.21.6_JE-0",

"Github":"https://github.com/Loweredgames/Voidblock",

"Website":"https://loweredgames.github.io./"
}