{
"Name": "Voidblock",

"Edition": "JAVA EDITION",

"Release Versions": "7.0.3 [Rebranding Update]",

"Release Building": "JE-1.21>1.21.9-7.0.3-Voidblock:7.0.3",

"Nightly Building": "JE-1.21>1.21.9-7.0.3-Voidblock:NIGHTLY_BUILDING_06.09.2025.11404a_[main]",

"Data_pack": "TRUE",

"Resource_pack": "TRUE",

"Translations_Version": "Ultimo Aggiornamento delle Traduzioni: 06.09.2025 alle 13:09",

"Custom Structures World": "4.1.0",

"Protocol Version": "1.21.8_PVN_1",

"Protocol Identifier Data": "1.21_PID_0",

"Sub Protocol Identifier Data": "1.21_SUBPID_0_0",

"Github_Tag": "1.21.8_JE-1",

"Github":"https://github.com/Loweredgames/Voidblock",

"Website":"https://loweredgames.github.io./"
}