{
  "type": "minecraft:jigsaw",
  "biomes": "#minecraft:has_structure/swamp_hut",
  "step": "surface_structures",
  "spawn_overrides": {
    "creature": {
      "bounding_box": "full",
      "spawns": [
        {
          "type": "minecraft:cat",
          "maxCount": 2,
          "minCount": 1,
          "weight": 1
        }
      ]
    },
    "monster": {
      "bounding_box": "full",
      "spawns": [
        {
          "type": "minecraft:witch",
          "maxCount": 1,
          "minCount": 1,
          "weight": 1
        }
      ]
    }
  },
  "terrain_adaptation": "beard_thin",
  "start_pool": "voidblock:worldgen/swamp_hut",
  "size": 1,
  "start_height": {
    "absolute": 15
  },
  "project_start_to_heightmap": "WORLD_SURFACE_WG",
  "max_distance_from_center": 80,
  "use_expansion_hack": false
}