{
"Name": "Skyblock Classic Edition",

"Edition": "JAVA EDITION",

"Release Versions": "6.1.0 [The Removal Update]",

"Release Building": "JE-1.21>1.21.4-6.1.0-Skyblock_Classic_Edition:6.1.0",

"Nightly Building": "JE-1.21>1.21.4-6.1.0-Skyblock_Classic_Edition:NIGHTLY_BUILDING_15.04.2025.1350a_[main]",

"Data_pack": "TRUE",

"Resource_pack": "TRUE",

"Translations_Version": "Ultimo Aggiornamento delle Traduzioni: 11.04.2025 alle 15:20",

"Custom Structures World": "4.1.0",

"Protocol Version": "1.21.4_PVN_0",

"Protocol Identifier Data": "1.21_PID_0",

"Sub Protocol Identifier Data": "1.21_SUBPID_0_0",

"Github_Tag": "1.21.4_JE-0",

"Github":"https://github.com/Loweredgames/Skyblock-Classic-Edition",

"Website":"https://loweredgames.github.io./"
}