{
    "Name": "Voidblock - April Fools Edition",
    
    "Edition": "JAVA EDITION",
    
    "Release Versions": "7.0.0_Fools [Rebranding Update]",
    
    "Release Building": "fork_JE-1.21.5-7.0.0-Voidblock:BUILDING:28.04.2025a",
    
    "Nightly Building": "fork_JE-1.21.5-7.0.0-Voidblock:NIGHTLY_BUILDING_28.04.2025.11941a_[april_fool]",
    
    "Data_pack": "TRUE",
    
    "Resource_pack": "TRUE",
    
    "Protocol Version": "1.21.4_PVN_FOOLS2025",
    
    "Github_Tag": "????",
    
    "Github":"https://github.com/Loweredgames/Voidblock",
    
    "Website":"https://loweredgames.github.io./"
    }
