{
  "structures": [
    {
      "structure": "voidblock:badland",
      "weight": 1
    },
    {
      "structure": "voidblock:birch_forest",
      "weight": 1
    },
    {
      "structure": "voidblock:cherry_grove",
      "weight": 1
    },
    {
      "structure": "voidblock:dark_forest",
      "weight": 1
    },
    {
      "structure": "voidblock:desert_well",
      "weight": 1
    },
    {
      "structure": "voidblock:jungle",
      "weight": 1
    },
    {
      "structure": "voidblock:mangrove_swamp",
      "weight": 1
    },
    {
      "structure": "voidblock:monster_room",
      "weight": 1
    },
    {
      "structure": "voidblock:savanna",
      "weight": 1
    },
    {
      "structure": "voidblock:taiga",
      "weight": 1
    }
  ],
  "placement": {
    "type": "minecraft:random_spread",
    "salt": 10387312,
    "spread_type": "triangular",
    "spacing": 38,
    "separation": 16
  }
}