{
  "stats": {
    "minecraft:killed": {
      "minecraft:creeper": 2
    },
    "minecraft:custom": {
      "minecraft:time_since_rest": 126247,
      "minecraft:walk_one_cm": 111866,
      "minecraft:leave_game": 29,
      "minecraft:mob_kills": 2,
      "minecraft:damage_dealt": 400,
      "minecraft:play_time": 126247,
      "minecraft:jump": 459,
      "minecraft:time_since_death": 126247,
      "minecraft:sprint_one_cm": 55063,
      "minecraft:open_chest": 4,
      "minecraft:total_world_time": 184963,
      "minecraft:fly_one_cm": 1055977,
      "minecraft:crouch_one_cm": 7873,
      "minecraft:sneak_time": 6738
    },
    "minecraft:used": {
      "minecraft:grass_block": 16,
      "minecraft:honeycomb": 2,
      "minecraft:birch_sign": 5,
      "minecraft:diamond_sword": 2,
      "minecraft:red_stained_glass": 3,
      "minecraft:creeper_spawn_egg": 2,
      "minecraft:gray_glazed_terracotta": 1,
      "minecraft:structure_block": 237,
      "minecraft:deepslate_bricks": 4,
      "minecraft:repeating_command_block": 8,
      "minecraft:oak_sign": 6,
      "minecraft:glass": 18,
      "minecraft:command_block": 7,
      "minecraft:written_book": 13,
      "minecraft:green_glazed_terracotta": 1,
      "minecraft:redstone_block": 1,
      "minecraft:white_glazed_terracotta": 1,
      "minecraft:stone_button": 7,
      "minecraft:glow_ink_sac": 5,
      "minecraft:yellow_glazed_terracotta": 2,
      "minecraft:stone": 17,
      "minecraft:zombie_spawn_egg": 1,
      "minecraft:red_glazed_terracotta": 1,
      "minecraft:smooth_stone_slab": 1,
      "minecraft:bedrock": 1
    }
  },
  "DataVersion": 4671
}