{
  "stats": {
    "minecraft:used": {
      "minecraft:stone": 11,
      "minecraft:repeating_command_block": 8,
      "minecraft:redstone_block": 1,
      "minecraft:glass": 4,
      "minecraft:oak_sign": 4,
      "minecraft:zombie_spawn_egg": 1,
      "minecraft:diamond_sword": 2,
      "minecraft:creeper_spawn_egg": 2,
      "minecraft:bedrock": 1,
      "minecraft:smooth_stone_slab": 1
    },
    "minecraft:killed": {
      "minecraft:creeper": 2
    },
    "minecraft:custom": {
      "minecraft:time_since_rest": 7204,
      "minecraft:walk_one_cm": 13060,
      "minecraft:leave_game": 3,
      "minecraft:mob_kills": 2,
      "minecraft:damage_dealt": 400,
      "minecraft:play_time": 7204,
      "minecraft:jump": 14,
      "minecraft:time_since_death": 7204,
      "minecraft:sprint_one_cm": 830,
      "minecraft:total_world_time": 8277,
      "minecraft:fly_one_cm": 50325,
      "minecraft:crouch_one_cm": 972,
      "minecraft:sneak_time": 464
    }
  },
  "DataVersion": 4671
}