{
  "stats": {
    "minecraft:killed": {
      "minecraft:creeper": 2
    },
    "minecraft:custom": {
      "minecraft:time_since_rest": 169749,
      "minecraft:walk_one_cm": 140689,
      "minecraft:leave_game": 35,
      "minecraft:mob_kills": 2,
      "minecraft:play_time": 169749,
      "minecraft:damage_dealt": 400,
      "minecraft:jump": 568,
      "minecraft:time_since_death": 169749,
      "minecraft:open_enderchest": 1,
      "minecraft:sprint_one_cm": 74464,
      "minecraft:open_chest": 5,
      "minecraft:total_world_time": 233641,
      "minecraft:fly_one_cm": 2062452,
      "minecraft:interact_with_anvil": 1,
      "minecraft:crouch_one_cm": 10659,
      "minecraft:sneak_time": 8985
    },
    "minecraft:used": {
      "minecraft:grass_block": 16,
      "minecraft:honeycomb": 2,
      "minecraft:birch_sign": 8,
      "minecraft:diamond_sword": 2,
      "minecraft:red_stained_glass": 3,
      "minecraft:creeper_spawn_egg": 2,
      "minecraft:gray_glazed_terracotta": 1,
      "minecraft:structure_block": 328,
      "minecraft:deepslate_bricks": 4,
      "minecraft:repeating_command_block": 8,
      "minecraft:writable_book": 1,
      "minecraft:oak_sign": 9,
      "minecraft:glass": 22,
      "minecraft:light_gray_wool": 2,
      "minecraft:command_block": 9,
      "minecraft:pink_glazed_terracotta": 1,
      "minecraft:written_book": 13,
      "minecraft:green_glazed_terracotta": 1,
      "minecraft:redstone_block": 1,
      "minecraft:white_glazed_terracotta": 1,
      "minecraft:stone_button": 9,
      "minecraft:gravel": 5,
      "minecraft:mud_bricks": 5,
      "minecraft:glow_ink_sac": 7,
      "minecraft:beacon": 2,
      "minecraft:yellow_glazed_terracotta": 4,
      "minecraft:stone": 18,
      "minecraft:zombie_spawn_egg": 1,
      "minecraft:light_blue_glazed_terracotta": 2,
      "minecraft:gold_block": 9,
      "minecraft:smooth_stone_slab": 2,
      "minecraft:bedrock": 1,
      "minecraft:red_glazed_terracotta": 1
    }
  },
  "DataVersion": 4671
}