{
  "stats": {
    "minecraft:used": {
      "minecraft:grass_block": 16,
      "minecraft:string": 1,
      "minecraft:honeycomb": 2,
      "minecraft:vine": 7,
      "minecraft:birch_sign": 9,
      "minecraft:diamond_sword": 7,
      "minecraft:creeper_spawn_egg": 2,
      "minecraft:red_stained_glass": 1120,
      "minecraft:tnt": 5,
      "minecraft:gray_glazed_terracotta": 1,
      "minecraft:dead_tube_coral": 1,
      "minecraft:structure_block": 556,
      "minecraft:deepslate_bricks": 4,
      "minecraft:water_bucket": 257,
      "minecraft:repeating_command_block": 10,
      "minecraft:writable_book": 1,
      "minecraft:glass": 29,
      "minecraft:oak_sign": 25,
      "minecraft:stone_bricks": 1,
      "minecraft:light_gray_wool": 2,
      "minecraft:command_block": 29,
      "minecraft:pink_glazed_terracotta": 2,
      "minecraft:written_book": 13,
      "minecraft:green_glazed_terracotta": 1,
      "minecraft:mossy_stone_bricks": 2,
      "minecraft:cut_sandstone": 1,
      "minecraft:sand": 4,
      "minecraft:redstone_block": 1,
      "minecraft:white_glazed_terracotta": 1,
      "minecraft:stone_button": 25,
      "minecraft:redstone": 4,
      "minecraft:gravel": 6,
      "minecraft:mud_bricks": 5,
      "minecraft:glow_ink_sac": 7,
      "minecraft:beacon": 2,
      "minecraft:yellow_glazed_terracotta": 4,
      "minecraft:stone": 18,
      "minecraft:chest": 2,
      "minecraft:oak_pressure_plate": 1,
      "minecraft:zombie_spawn_egg": 1,
      "minecraft:light_blue_glazed_terracotta": 2,
      "minecraft:gold_block": 9,
      "minecraft:smooth_stone_slab": 2,
      "minecraft:bedrock": 1,
      "minecraft:red_glazed_terracotta": 1
    },
    "minecraft:killed": {
      "minecraft:zombie": 3,
      "minecraft:illusioner": 2,
      "minecraft:creeper": 2
    },
    "minecraft:picked_up": {
      "minecraft:name_tag": 2,
      "minecraft:enchanted_book": 4,
      "minecraft:prismarine_shard": 6,
      "minecraft:bucket": 1,
      "minecraft:leather": 3,
      "minecraft:redstone": 6,
      "minecraft:bone": 41,
      "minecraft:brewer_pottery_sherd": 1,
      "minecraft:salmon_bucket": 2,
      "minecraft:gold_nugget": 6,
      "minecraft:gold_ingot": 11,
      "minecraft:iron_sword": 1,
      "minecraft:emerald": 27,
      "minecraft:golden_apple": 1,
      "minecraft:sea_pickle": 34,
      "minecraft:golden_horse_armor": 2,
      "minecraft:prismarine_crystals": 1,
      "minecraft:book": 11,
      "minecraft:oak_pressure_plate": 1,
      "minecraft:bamboo": 10,
      "minecraft:cooked_salmon": 4,
      "minecraft:arrow": 3,
      "minecraft:iron_nautilus_armor": 1,
      "minecraft:iron_ingot": 33,
      "minecraft:arms_up_pottery_sherd": 1,
      "minecraft:kelp": 4,
      "minecraft:crossbow": 1,
      "minecraft:stone_axe": 1,
      "minecraft:wheat": 20,
      "minecraft:mossy_stone_bricks": 1,
      "minecraft:map": 2,
      "minecraft:chest": 2,
      "minecraft:gunpowder": 7,
      "minecraft:flower_banner_pattern": 1,
      "minecraft:bread": 5,
      "minecraft:coal": 30,
      "minecraft:cooked_cod": 7,
      "minecraft:potato": 4,
      "minecraft:sand": 3,
      "minecraft:heart_of_the_sea": 2,
      "minecraft:tnt": 2,
      "minecraft:spider_eye": 1,
      "minecraft:dark_oak_log": 5,
      "minecraft:pufferfish": 1,
      "minecraft:copper_horse_armor": 1,
      "minecraft:eye_armor_trim_smithing_template": 2,
      "minecraft:potion": 4,
      "minecraft:copper_nautilus_armor": 1,
      "minecraft:rotten_flesh": 10,
      "minecraft:stone_spear": 1,
      "minecraft:beetroot_seeds": 8,
      "minecraft:string": 25,
      "minecraft:iron_nugget": 5,
      "minecraft:paper": 36
    },
    "minecraft:custom": {
      "minecraft:trigger_trapped_chest": 1,
      "minecraft:time_since_rest": 353497,
      "minecraft:walk_one_cm": 263917,
      "minecraft:leave_game": 66,
      "minecraft:walk_under_water_one_cm": 107540,
      "minecraft:mob_kills": 7,
      "minecraft:play_time": 353497,
      "minecraft:damage_dealt": 1590,
      "minecraft:jump": 990,
      "minecraft:time_since_death": 353497,
      "minecraft:drop": 8,
      "minecraft:open_enderchest": 14,
      "minecraft:sprint_one_cm": 176527,
      "minecraft:open_chest": 18,
      "minecraft:inspect_dispenser": 1,
      "minecraft:total_world_time": 443819,
      "minecraft:swim_one_cm": 8230,
      "minecraft:fly_one_cm": 4630729,
      "minecraft:interact_with_anvil": 1,
      "minecraft:walk_on_water_one_cm": 46815,
      "minecraft:crouch_one_cm": 19166,
      "minecraft:sneak_time": 18365
    },
    "minecraft:dropped": {
      "minecraft:rotten_flesh": 2,
      "minecraft:iron_ingot": 1,
      "minecraft:sand": 4,
      "minecraft:gunpowder": 3,
      "minecraft:sea_pickle": 34,
      "minecraft:spider_eye": 1,
      "minecraft:bone": 12
    }
  },
  "DataVersion": 4671
}