{
"Name": "Skyblock Classic Edition",

"Edition": "JAVA EDITION",

"Release Versions": "6.1.0 [The Removal Update]",

"Release Building": "JE-1.21>1.21.4-6.1.0-Skyblock_Classic_Edition:PRE-RELEASE 1",

"Nightly Building": "JE-1.21>1.21.4-6.1.0-Skyblock_Classic_Edition:NIGHTLY_BUILDING_28.03.2025.31907a_[main_translation]",

"Data_pack": "TRUE",

"Resource_pack": "TRUE",

"Translations_Version": "Ultimo Aggiornamento delle Traduzioni: 29.03.2025 alle 14:27",

"Custom Structures World": "4.1.0",

"Protocol Version": "1.21.4_PVN_0b",

"Protocol Identifier Data": "1.21_PID_0",

"Sub Protocol Identifier Data": "1.21_SUBPID_0_0",

"Github_Tag": "1.21.4_JE-0b",

"Github":"https://github.com/Loweredgames/Skyblock-Classic-Edition",

"Website":"https://loweredgames.github.io./"
}