{
"Name": "Skyblock Classic Edition - April Fools Edition",

"Edition": "JAVA EDITION",

"Release Versions": "6.1.0 [The Removal Update]",

"Release Building": "fork_JE-1.21.4-6.1.0-Skyblock_Classic_Edition:BUILDING:22.02.2025a",

"Nightly Building": "fork_JE-1.21.4-6.1.0-Skyblock_Classic_Edition:NIGHTLY_BUILDING_09.03.2025.21704a_[april_fool]",

"Data_pack": "TRUE",

"Resource_pack": "TRUE",

"Translations_Version": "Ultimo Aggiornamento delle Traduzioni: ...",

"Custom Structures World": "...",

"Protocol Version": "1.21.4_PVN_FOOLS2025",

"Protocol Identifier Data": "...",

"Sub Protocol Identifier Data": "...",

"Github_Tag": "????",

"Github":"https://github.com/Loweredgames/Skyblock-Classic-Edition",

"Website":"https://loweredgames.github.io./"
}